Risk_Category,Risk,Probability,Impact,Risk_Level,Mitigation_Strategy
Operational,Supply_Chain_Disruption,Medium,High,High,Diversify_suppliers_maintain_strategic_inventory
Operational,Quality_Issues,Low,Very_High,High,Strict_QA_system_ISO_certifications
Operational,Safety_Incidents,Low,Very_High,High,Comprehensive_safety_programs_insurance
Financial,Exchange_Rate_Fluctuations,High,Medium,Medium,Currency_hedging_multi_currency_contracts
Financial,Commodity_Price_Volatility,High,Medium_to_High,High,Long_term_contracts_commodity_hedging
Financial,Financing_Difficulties,Low,High,Medium,Diversify_funding_sources_efficient_working_capital
Strategic,Intense_Competition,High,Medium,Medium,Service_differentiation_continuous_improvement_innovation
Strategic,Regulatory_Changes,Medium,Medium_to_High,Medium,Monitor_regulations_legal_consultations
Strategic,Technological_Changes,High,High,High,Continuous_R&D_technology_partnerships
Environmental,Natural_Disasters,Low,Very_High,Medium,Emergency_plans_comprehensive_insurance
Environmental,Climate_Change,Medium_to_High,Medium,Medium,Sustainability_strategy_green_solutions
